[
  {
    "type": "1",
    "priority": "3",
    "pic_url": "http://img4.duitang.com/uploads/blog/201405/01/20140501142243_QNC53.thumb.600_0.gif",
    "mt_type": "111",
    "pkg_url": "http://www.baidu.com",
    "st": "2015-12-17-23",
    "et": "2016-12-17-23",
    "title": "这是priority = 3",
    "pkg": "com.ijinshan.kbatterydoctor_en",
    "deeplink": "vnd.youtube://watch?v=1bibCui3lFM#t=1m45s",
    "giftimes": "5",
    "localtime": "1",
    "box_reddot": "1",
    "shift": "1",
    "frequency": "120",
    "res_type": "80",
    "des": "ggggggg"
  },
  {
    "type": "1",
    "priority": "4",
    "pic_url": "http://img4.duitang.com/uploads/blog/201405/01/20140501142243_QNC53.thumb.600_0.gif",
    "mt_type": "111",
    "pkg_url": "http://www.baidu.com",
    "st": "2015-12-17-23",
    "et": "2016-12-17-23",
    "title": "这是priority = 4",
    "pkg": "com.ijinshan.kbatterydoctor_en",
    "deeplink": "vnd.youtube://watch?v=1bibCui3lFM#t=1m45s",
    "giftimes": "5",
    "localtime": "1",
    "box_reddot": "1",
    "shift": "1",
    "frequency": "120",
    "res_type": "80",
    "des": "ggggggg"
  },
  {
    "type": "1",
    "priority": "5",
    "pic_url": "http://img4.duitang.com/uploads/blog/201405/01/20140501142243_QNC53.thumb.600_0.gif",
    "mt_type": "512",
    "pkg_url": "https://play.google.com/store/apps/details?id=com.google.android.youtube&hl=zh_CN",
    "st": "2015-12-17-23",
    "et": "2016-12-17-23",
    "title": "这是priority = 5",
    "pkg": "com.google.android.youtube",
    "deeplink": "vnd.youtube://watch?v=1bibCui3lFM#t=1m45s",
    "giftimes": "5",
    "localtime": "1",
    "box_reddot": "1",
    "shift": "1",
    "frequency": "120",
    "res_type": "80",
    "des": "ggggggg",
    "button_txt": "Click Me",
    "background": "http://cdn.adkmob.com/liehu/20150409/1428575066okxwo_L.jpg"
  }
]